study,treatment,n_patients,logHR,std.err
COMPASS,AAS_2.5_Rivaroxaban,8313,-0.261364764134408,0.0830159184782214
COMPASS,AAS,8261,,0.057302601961125
COMPASS,5_Rivaroxaban,8250,-0.0725706928348354,0.0789084815191995
HOSTEXAM,75_Clopidogrel,2710,0.357674444271816,0.218487815475318
HOSTEXAM,AAS,2728,,
THEMIS,Pooled_Ticagrelor,9619,-0.0202027073175195,0.0598398589637328
THEMIS,AAS,9601,,
