study,treatment,n_patients,logHR,std.err
COMPASS,AAS_2.5_Rivaroxaban,8313,-0.287682072451781,0.111799727278356
COMPASS,AAS,8261,,0.0773291527022251
COMPASS,5_Rivaroxaban,8250,-0.0512932943875506,0.106726661465325
HOSTEXAM,75_Clopidogrel,2710,0.314810739840034,0.350858492496862
HOSTEXAM,AAS,2728,,
PEGASUS,Pooled_Ticagrelor,14095,-0.162518929497775,0.0873699767721367
PEGASUS,AAS,7067,,
THEMIS,Pooled_Ticagrelor,9619,0.0198026272961797,0.0748336249968006
THEMIS,AAS,9601,,
