study,treatment,n_patients,logHR,std.err
COMPASS,AAS_2.5_Rivaroxaban,8313,-0.693147180559945,0.158462673707872
COMPASS,AAS,8261,,0.106220121496426
COMPASS,5_Rivaroxaban,8250,-0.415515443961666,0.141297222761846
HOSTEXAM,75_Clopidogrel,2710,-0.616186139423817,0.334741425756676
HOSTEXAM,AAS,2728,,
PEGASUS,Pooled_Ticagrelor,14095,-0.2484613592985,0.116794156537112
PEGASUS,AAS,7067,,
THEMIS,Pooled_Ticagrelor,9619,-0.22314355131421,0.111284889483397
THEMIS,AAS,9601,,
